[
    {
        "shipping_method": "SMSA COD",
        "order_id": 217731313,
        "profile": null,
        "fulfillment_status": "pending",
        "order_number": "23689314",
        "shop_name": "kanechom",
        "account_id": 57033,
        "partner_order_id": "23689314",
        "shipping_name": "COD",
        "from_address": {
            "name": "kanechom",
            "company_name": "kanechom",
            "address_1": "Storage Station 7480, Indiscom Area (Dammam - Abqiaq Highway)",
            "address_2": "Google Plus Code:(62P3+5J Dhahran)",
            "email": "57033@storagestation.net",
            "city": "Dhahran",
            "state": "Ash Sharqiyah (Eastern Province)",
            "zip": "34521",
            "country": "SA",
            "phone": "0596073424"
        },
        "to_address": {
            "name": "Arwa Aljuhani Arwa Aljuhani",
            "company_name": null,
            "address_1": "\u0634\u0627\u0631\u0639 \u062d\u0631\u0627\u0621\u060c \u0627\u0644\u062d\u064a \u0627\u0644\u0645\u0631\u0648\u0629 \u060c, \u0627\u0645\u0627\u0645 \u0634\u0642\u0642 \u0627\u0644\u0633\u0628\u0643,, \u062c\u062f\u0629, \u0627\u0644\u0633\u0639\u0648\u062f\u064a\u0629",
            "address_2": "z",
            "email": "Aljuhaniarwa9@gmail.com",
            "city": "Jaddah",
            "state": "\u0627\u0644\u0645\u0631\u0648\u0629",
            "zip": null,
            "country": "SA",
            "phone": "0534273472"
        },
        "label_url": "http:\/\/app.sky-sa.net\/smsa\/getAWb\/290214685021.pdf",
        "tracking_number": "46774306622",
        "order_amount": "129"
    },
    {
        "shipping_method": "SMSA COD",
        "order_id": 217604333,
        "profile": "default",
        "fulfillment_status": "pending",
        "order_number": "MO708",
        "shop_name": "Manual Order",
        "account_id": 52146,
        "partner_order_id": "MO708",
        "shipping_name": "Manual Order Shipping Method",
        "from_address": {
            "name": "Fire Deals",
            "company_name": "Fire Deals",
            "address_1": "Storage Station 7480, Indiscom Area (Dammam - Abqiaq Highway)",
            "address_2": "Google Plus Code:(62P3+5J Dhahran)",
            "email": "52146@storagestation.net",
            "city": "Dhahran",
            "state": "Ash Sharqiyah (Eastern Province)",
            "zip": "34521",
            "country": "SA",
            "phone": "0596073424"
        },
        "to_address": {
            "name": "\u0645\u062d\u0645\u062f \u0627\u0644\u0627\u0645\u064a\u0646",
            "company_name": null,
            "address_1": "\u062d\u064a \u0627\u0644\u0633\u0631\u0648\u0631\u064a\u0629 \u0637\u0631\u064a\u0642 \u0627\u0644\u0645\u0644\u0643 \u0641\u064a\u0635\u0644 \u0642\u0631\u064a\u0628 \u0645\u0646 \u0645\u0624\u0633\u0633\u0629 \u062f\u0631\u0629 \u0627\u0644\u0635\u0639\u0648\u062f",
            "address_2": "\u0648\u0627\u062a\u0633 \u0627\u0628 WhatsApp: 00249 90 680 5813",
            "email": null,
            "city": "Jeddah",
            "state": null,
            "zip": null,
            "country": "SA",
            "phone": "0559438785"
        },
        "label_url": "http:\/\/app.sky-sa.net\/smsa\/getAWb\/290214685297.pdf",
        "tracking_number": "290214685297",
        "order_amount": "94"
    },
    {
        "shipping_method": "SMSA COD",
        "order_id": 217729843,
        "profile": null,
        "fulfillment_status": "pending",
        "order_number": "23686417",
        "shop_name": "kanechom",
        "account_id": 57033,
        "partner_order_id": "23686417",
        "shipping_name": "COD",
        "from_address": {
            "name": "kanechom",
            "company_name": "kanechom",
            "address_1": "Storage Station 7480, Indiscom Area (Dammam - Abqiaq Highway)",
            "address_2": "Google Plus Code:(62P3+5J Dhahran)",
            "email": "57033@storagestation.net",
            "city": "Dhahran",
            "state": "Ash Sharqiyah (Eastern Province)",
            "zip": "34521",
            "country": "SA",
            "phone": "0596073424"
        },
        "to_address": {
            "name": "\u062e\u0627\u0644\u062f \u0627\u0644\u062c\u0644\u064a\u0641\u064a \u062e\u0627\u0644\u062f \u0627\u0644\u062c\u0644\u064a\u0641\u064a",
            "company_name": null,
            "address_1": "\u0634\u0627\u0631\u0639 \u0646\u062c\u0645 \u0627\u0644\u062f\u064a\u0646\u060c \u0627\u0644\u062d\u064a \u0627\u0644\u0639\u0648\u0627\u0644\u064a \u060c, \u0645\u0642\u0627\u0628\u0644 \u0627\u0631\u0636 \u0641\u0627\u0636\u064a\u0647,, \u0627\u0644\u0631\u064a\u0627\u0636, \u0627\u0644\u0633\u0639\u0648\u062f\u064a\u0629",
            "address_2": "Al Riyadh",
            "email": "khalidd7878@icloud.com",
            "city": "Al Riyadh",
            "state": "\u0627\u0644\u0639\u0648\u0627\u0644\u064a",
            "zip": null,
            "country": "SA",
            "phone": "0502065456"
        },
        "label_url": "http:\/\/app.sky-sa.net\/smsa\/getAWb\/290214685630.pdf",
        "tracking_number": "290214685630",
        "order_amount": "129"
    },
    {
        "shipping_method": "Wayxpress COD",
        "order_id": 217605116,
        "profile": "default",
        "fulfillment_status": "pending",
        "order_number": "MO709",
        "shop_name": "Manual Order",
        "account_id": 52146,
        "partner_order_id": "MO709",
        "shipping_name": "Manual Order Shipping Method",
        "from_address": {
            "name": "Fire Deals",
            "company_name": "Fire Deals",
            "address_1": "Storage Station 7480, Indiscom Area (Dammam - Abqiaq Highway)",
            "address_2": "Google Plus Code:(62P3+5J Dhahran)",
            "email": "52146@storagestation.net",
            "city": "Dhahran",
            "state": "Ash Sharqiyah (Eastern Province)",
            "zip": "34521",
            "country": "SA",
            "phone": "0596073424"
        },
        "to_address": {
            "name": "\u062d\u0633\u0627\u0645 \u0637\u0627\u0647\u0631",
            "company_name": null,
            "address_1": "\u062d\u064a \u0627\u0644\u0646\u0633\u064a\u0645 \u0627\u0644\u063a\u0631\u0628\u064a \u0634\u0627\u0631\u0639 \u0633\u0639\u062f \u0628\u0646 \u0627\u0628\u064a \u0648\u0642\u0627\u0635 \u0642\u0631\u064a\u0628 \u0645\u0646 \u0627\u0633\u0648\u0627\u0642 \u0627\u0644\u0639\u062b\u064a\u0645",
            "address_2": null,
            "email": null,
            "city": "Riyadh",
            "state": null,
            "zip": null,
            "country": "sa",
            "phone": "0593304363"
        },
        "label_url": "http:\/\/app.sky-sa.net\/shipox\/label\/1098974768.pdf",
        "tracking_number": "217605116",
        "order_amount": "168"
    },
    {
        "shipping_method": "SMSA COD",
        "order_id": 217606575,
        "profile": "default",
        "fulfillment_status": "pending",
        "order_number": "MO710",
        "shop_name": "Manual Order",
        "account_id": 52146,
        "partner_order_id": "MO710",
        "shipping_name": "Manual Order Shipping Method",
        "from_address": {
            "name": "Fire Deals",
            "company_name": "Fire Deals",
            "address_1": "Storage Station 7480, Indiscom Area (Dammam - Abqiaq Highway)",
            "address_2": "Google Plus Code:(62P3+5J Dhahran)",
            "email": "52146@storagestation.net",
            "city": "Dhahran",
            "state": "Ash Sharqiyah (Eastern Province)",
            "zip": "34521",
            "country": "SA",
            "phone": "0596073424"
        },
        "to_address": {
            "name": "\u0646\u0648\u0631 \u0627\u0644\u062f\u064a\u0646",
            "company_name": null,
            "address_1": "\u062d\u064a \u0627\u0644\u0634\u0648\u0642\u064a\u0629 \u0634\u0627\u0631\u0639 \u0639\u0628\u062f\u0627\u0644\u0644\u0647 \u0628\u0646 \u0627\u0644\u0639\u0628\u0627\u0633 \u0642\u0631\u064a\u0628 \u0645\u0646 \u0635\u064a\u062f\u0644\u064a\u0629 \u062c\u0645\u064a\u0644",
            "address_2": "Makkah",
            "email": null,
            "city": "Makkah",
            "state": "Makkah",
            "zip": "000000",
            "country": "SA",
            "phone": "0595074246"
        },
        "label_url": "http:\/\/app.sky-sa.net\/smsa\/getAWb\/290214686249.pdf",
        "tracking_number": "290214686249",
        "order_amount": "94"
    },
    {
        "shipping_method": "SMSA COD",
        "order_id": 217400231,
        "profile": "default",
        "fulfillment_status": "pending",
        "order_number": "MO707",
        "shop_name": "Manual Order",
        "account_id": 52146,
        "partner_order_id": "MO707",
        "shipping_name": "Manual Order Shipping Method",
        "from_address": {
            "name": "Fire Deals",
            "company_name": "Fire Deals",
            "address_1": "Storage Station 7480, Indiscom Area (Dammam - Abqiaq Highway)",
            "address_2": "Google Plus Code:(62P3+5J Dhahran)",
            "email": "52146@storagestation.net",
            "city": "Dhahran",
            "state": "Ash Sharqiyah (Eastern Province)",
            "zip": "34521",
            "country": "SA",
            "phone": "0596073424"
        },
        "to_address": {
            "name": "\u0639\u0628\u062f\u0627\u0644\u0644\u0647 \u0627\u0644\u0643\u062b\u064a\u0631\u064a",
            "company_name": null,
            "address_1": "\u0634\u0627\u0631\u0639 \u0627\u0644\u062e\u0627\u0644\u062f\u064a\u0629 \u0642\u0631\u064a\u0628 \u0645\u0646 \u062d\u062f\u064a\u0642\u0629 \u0627\u0644\u0627\u0645\u064a\u0631 \u0641\u064a\u0635\u0644 \u0628\u0646 \u0641\u0647\u062f",
            "address_2": "\u0627\u0644\u0642\u0648\u0632",
            "email": null,
            "city": "\u0627\u0644\u0642\u0648\u0632",
            "state": null,
            "zip": null,
            "country": "SA",
            "phone": "0554434399"
        },
        "label_url": "http:\/\/app.sky-sa.net\/smsa\/getAWb\/290214686564.pdf",
        "tracking_number": "290214686564",
        "order_amount": "94"
    },
    {
        "shipping_method": "Aramex COD",
        "order_id": 217609527,
        "profile": "default",
        "fulfillment_status": "pending",
        "order_number": "2000004591",
        "shop_name": "harirshop.com",
        "account_id": 56876,
        "partner_order_id": "4586",
        "shipping_name": "Manual Order Shipping Method",
        "from_address": {
            "name": "harir shop",
            "company_name": "harir shop",
            "address_1": "Storage Station 7480, Indiscom Area (Dammam - Abqiaq Highway)",
            "address_2": "Google Plus Code:(62P3+5J Dhahran)",
            "email": "56876@storagestation.net",
            "city": "Dhahran",
            "state": "Ash Sharqiyah (Eastern Province)",
            "zip": "34521",
            "country": "SA",
            "phone": "0596073424"
        },
        "to_address": {
            "name": "Passant Sawaby",
            "company_name": null,
            "address_1": "\u0627\u0644\u0633\u0644\u064a\u0645\u0627\u0646\u064a\u0629 \u0628\u0639\u062f \u0627\u0644\u0643\u0648\u0628\u0631\u064a \u0627\u0644\u0645\u0644\u0643 \u0639\u0628\u062f\u0627\u0644\u0644\u0647 \u0627\u0628\u0631\u0642 \u0627\u0644\u0631\u063a\u0627\u0645\u0629 \u0643\u0645\u0628\u0627\u0648\u0646\u062f \u0628\u0644\u0627\u062f\u0646",
            "address_2": null,
            "email": "psawaby75@gmail.com",
            "city": "Jeddah",
            "state": "Jeddah",
            "zip": "Psawaby75@gmai",
            "country": "SA",
            "phone": "0595588938"
        },
        "label_url": "https:\/\/ws.aramex.net\/content\/rpt_cache\/82b128040c0341f583a6d9bcd44f4f0d.pdf",
        "tracking_number": "46773931330",
        "order_amount": "232"
    },
    {
        "shipping_method": "Aramex COD",
        "order_id": 217697307,
        "profile": "default",
        "fulfillment_status": "pending",
        "order_number": "2000004604",
        "shop_name": "harirshop.com",
        "account_id": 56876,
        "partner_order_id": "4599",
        "shipping_name": "Manual Order Shipping Method",
        "from_address": {
            "name": "harir shop",
            "company_name": "harir shop",
            "address_1": "Storage Station 7480, Indiscom Area (Dammam - Abqiaq Highway)",
            "address_2": "Google Plus Code:(62P3+5J Dhahran)",
            "email": "56876@storagestation.net",
            "city": "Dhahran",
            "state": "Ash Sharqiyah (Eastern Province)",
            "zip": "34521",
            "country": "SA",
            "phone": "0596073424"
        },
        "to_address": {
            "name": "\u0641\u0627\u064a\u0642\u0629 \u0627\u0644\u0642\u0631\u0634\u064a",
            "company_name": null,
            "address_1": "\u0634\u0627\u0631\u0639 \u0633\u0644\u0637\u0627\u0646 \u0628\u0646 \u0633\u0644\u0645\u0627\u0646",
            "address_2": null,
            "email": "Eradaomar@hootmail.com",
            "city": "Makkah",
            "state": "Jeddah",
            "zip": null,
            "country": "SA",
            "phone": "0505698021"
        },
        "label_url": "https:\/\/ws.aramex.net\/content\/rpt_cache\/724efec32790457699fc13c73e827f20.pdf",
        "tracking_number": "46773931724",
        "order_amount": "328"
    },
    {
        "shipping_method": "SMSA COD",
        "order_id": 217739517,
        "profile": null,
        "fulfillment_status": "pending",
        "order_number": "23690919",
        "shop_name": "\u0639\u0633\u0627\u0644\u0648\u0646",
        "account_id": 63185,
        "partner_order_id": "23690919",
        "shipping_name": "COD",
        "from_address": {
            "name": "\u0639\u0633\u0627\u0644\u0648\u0646",
            "company_name": "\u0639\u0633\u0627\u0644\u0648\u0646",
            "address_1": "Storage Station Warehouse Riyadh  Al-Sulay",
            "address_2": "Sulay",
            "email": "63185@storagestation.net",
            "city": "Riyadh",
            "state": "Ar Riyad",
            "zip": "1111",
            "country": "SA",
            "phone": "920009721"
        },
        "to_address": {
            "name": "Ahmed Alzahrani Ahmed Alzahrani",
            "company_name": null,
            "address_1": "\u0634\u0627\u0631\u0639 \u0634\u0627\u0631\u0639 \u0627\u0644\u0639\u0645\u062f\u0629\u060c \u0627\u0644\u062d\u064a \u0627\u0644\u0631\u0648\u0627\u0628\u064a 6572\u060c, \u0628\u062c\u0648\u0627\u0631 \u0645\u0633\u062a\u0648\u0635\u0641 \u0627\u0644\u062a\u0633\u0627\u0645\u062d,, \u062c\u062f\u0629, \u0627\u0644\u0633\u0639\u0648\u062f\u064a\u0629",
            "address_2": "Jaddah",
            "email": "no_reply@salla.sa",
            "city": "Jaddah",
            "state": "\u0627\u0644\u0631\u0648\u0627\u0628\u064a",
            "zip": "6572",
            "country": "SA",
            "phone": "0535905508"
        },
        "label_url": "http:\/\/app.sky-sa.net\/smsa\/getAWb\/290214692382.pdf",
        "tracking_number": "290214692382",
        "order_amount": "276"
    },
    {
        "shipping_method": "Aramex COD",
        "order_id": 217739489,
        "profile": "default",
        "fulfillment_status": "pending",
        "order_number": "23394",
        "shop_name": "Manual Order",
        "account_id": 59489,
        "partner_order_id": "23394",
        "shipping_name": "Manual Order Shipping Method",
        "from_address": {
            "name": "Equations",
            "company_name": "Equations",
            "address_1": "Storage Station 7480, Indiscom Area (Dammam - Abqiaq Highway)",
            "address_2": "Google Plus Code:(62P3+5J Dhahran)",
            "email": "59489@storagestation.net",
            "city": "Dhahran",
            "state": "Ash Sharqiyah (Eastern Province)",
            "zip": "34521",
            "country": "SA",
            "phone": "0596073424"
        },
        "to_address": {
            "name": "hussai basheer hussai basheer",
            "company_name": null,
            "address_1": "ALDREES,Bryman, Jeddah 23641,",
            "address_2": "Saudi Arabia,21.642217, 39.222870",
            "email": null,
            "city": "Jeddah",
            "state": "Jeddah",
            "zip": "0000",
            "country": "SA",
            "phone": "0508179749"
        },
        "label_url": "https:\/\/ws.aramex.net\/content\/rpt_cache\/4a634c45ca944535a9af4718afe393e6.pdf",
        "tracking_number": "46773932483",
        "order_amount": "599.00"
    },
    {
        "shipping_method": "Aramex COD",
        "order_id": 217739287,
        "profile": "default",
        "fulfillment_status": "pending",
        "order_number": "23367",
        "shop_name": "Manual Order",
        "account_id": 59489,
        "partner_order_id": "23367",
        "shipping_name": "Manual Order Shipping Method",
        "from_address": {
            "name": "Equations",
            "company_name": "Equations",
            "address_1": "Storage Station 7480, Indiscom Area (Dammam - Abqiaq Highway)",
            "address_2": "Google Plus Code:(62P3+5J Dhahran)",
            "email": "59489@storagestation.net",
            "city": "Dhahran",
            "state": "Ash Sharqiyah (Eastern Province)",
            "zip": "34521",
            "country": "SA",
            "phone": "0596073424"
        },
        "to_address": {
            "name": "sliman sliman",
            "company_name": null,
            "address_1": "\"Saudi Electricity Company PP4 ,Asad As Sanna, Al Faruq, Riyadh 12864,",
            "address_2": "Saudi Arabia,24.647288, 46.764902(546545460) \"",
            "email": null,
            "city": "Riyadh",
            "state": "Riyadh",
            "zip": "0000",
            "country": "SA",
            "phone": "0555261414"
        },
        "label_url": "https:\/\/ws.aramex.net\/content\/rpt_cache\/8f1e5ddb6e93415ba97c54b618998293.pdf",
        "tracking_number": "46773932516",
        "order_amount": "329.00"
    },
    {
        "shipping_method": "Aramex COD",
        "order_id": 217738654,
        "profile": "default",
        "fulfillment_status": "pending",
        "order_number": "23370",
        "shop_name": "Manual Order",
        "account_id": 59489,
        "partner_order_id": "23370",
        "shipping_name": "Manual Order Shipping Method",
        "from_address": {
            "name": "Equations",
            "company_name": "Equations",
            "address_1": "Storage Station 7480, Indiscom Area (Dammam - Abqiaq Highway)",
            "address_2": "Google Plus Code:(62P3+5J Dhahran)",
            "email": "59489@storagestation.net",
            "city": "Dhahran",
            "state": "Ash Sharqiyah (Eastern Province)",
            "zip": "34521",
            "country": "SA",
            "phone": "0596073424"
        },
        "to_address": {
            "name": "Ali Ayed Hanbas",
            "company_name": null,
            "address_1": "Al Mahalah Road, Almahalah, Abha 62568,",
            "address_2": "Prince Sultan bin Abdulaziz Sports",
            "email": null,
            "city": "Abha",
            "state": "Abha",
            "zip": null,
            "country": "SA",
            "phone": "0542888780"
        },
        "label_url": "https:\/\/ws.aramex.net\/content\/rpt_cache\/45be63f29ec74705ab8c78c8140634ad.pdf",
        "tracking_number": "46773932660",
        "order_amount": "1198"
    },
    {
        "shipping_method": "Aramex COD",
        "order_id": 217738004,
        "profile": null,
        "fulfillment_status": "pending",
        "order_number": "23664503",
        "shop_name": "Arance perfume",
        "account_id": 62204,
        "partner_order_id": "23664503",
        "shipping_name": "COD",
        "from_address": {
            "name": "Arance perfume",
            "company_name": "Arance perfume",
            "address_1": "Storage Station 7480, Indiscom Area (Dammam - Abqiaq Highway)",
            "address_2": "Google Plus Code:(62P3+5J Dhahran)",
            "email": "62204@storagestation.net",
            "city": "Dhahran",
            "state": "Ash Sharqiyah (Eastern Province)",
            "zip": "34521",
            "country": "SA",
            "phone": "0596073424"
        },
        "to_address": {
            "name": "\u0627\u0628\u0631\u0627\u0647\u064a\u0645 \u0642\u064a\u0633\u064a \u0627\u0628\u0631\u0627\u0647\u064a\u0645 \u0642\u064a\u0633\u064a",
            "company_name": null,
            "address_1": "\u0634\u0627\u0631\u0639 \u0627\u0633\u0643\u0627\u0646 \u0627\u0644\u0645\u0644\u0643 \u0639\u0628\u062f\u0627\u0644\u0644\u0647\u060c \u0627\u0644\u062d\u064a \u062f\u064a\u062d\u0645\u0647 \u0644\u0627\u064a\u0648\u062c\u062f\u060c, \u0627\u0628\u064a\u0636,, \u0635\u0627\u0645\u0637\u0629, \u0627\u0644\u0633\u0639\u0648\u062f\u064a\u0629",
            "address_2": null,
            "email": "abrahymqysy47@gmail.com",
            "city": "Samtah",
            "state": "\u062f\u064a\u062d\u0645\u0647",
            "zip": "\u0644\u0627\u064a\u0648\u062c\u062f",
            "country": "SA",
            "phone": "0555394156"
        },
        "label_url": "https:\/\/ws.aramex.net\/content\/rpt_cache\/e96ad6111159417e9638c33227592b87.pdf",
        "tracking_number": "46773932844",
        "order_amount": "323.00"
    },
    {
        "shipping_method": "Aramex COD",
        "order_id": 217752791,
        "profile": "default",
        "fulfillment_status": "pending",
        "order_number": "23398",
        "shop_name": "default",
        "account_id": 59489,
        "partner_order_id": "23398",
        "shipping_name": "Free Shipping",
        "from_address": {
            "name": "Equations",
            "company_name": "Equations",
            "address_1": "Storage Station 7480, Indiscom Area (Dammam - Abqiaq Highway)",
            "address_2": "Google Plus Code:(62P3+5J Dhahran)",
            "email": "59489@storagestation.net",
            "city": "Dhahran",
            "state": "Ash Sharqiyah (Eastern Province)",
            "zip": "34521",
            "country": "SA",
            "phone": "0596073424"
        },
        "to_address": {
            "name": "mogbel mogbel",
            "company_name": null,
            "address_1": "Ramez mall,Prince Saad Ibn Abdulrahman Al Aw",
            "address_2": null,
            "email": null,
            "city": "Riyadh",
            "state": null,
            "zip": null,
            "country": "sa",
            "phone": "582720700"
        },
        "label_url": "https:\/\/ws.aramex.net\/content\/rpt_cache\/cb2d97b531b740f2beebfae4865cd671.pdf",
        "tracking_number": "46773934130",
        "order_amount": "329"
    },
    {
        "shipping_method": "Aramex COD",
        "order_id": 217752772,
        "profile": "default",
        "fulfillment_status": "pending",
        "order_number": "23303",
        "shop_name": "default",
        "account_id": 59489,
        "partner_order_id": "23303",
        "shipping_name": "Free Shipping",
        "from_address": {
            "name": "Equations",
            "company_name": "Equations",
            "address_1": "Storage Station 7480, Indiscom Area (Dammam - Abqiaq Highway)",
            "address_2": "Google Plus Code:(62P3+5J Dhahran)",
            "email": "59489@storagestation.net",
            "city": "Dhahran",
            "state": "Ash Sharqiyah (Eastern Province)",
            "zip": "34521",
            "country": "SA",
            "phone": "0596073424"
        },
        "to_address": {
            "name": "salem khaled salem khaled",
            "company_name": null,
            "address_1": "King Fahad University Hospital,Shura Street,",
            "address_2": null,
            "email": null,
            "city": "Khobar",
            "state": null,
            "zip": null,
            "country": "sa",
            "phone": "544886425"
        },
        "label_url": "https:\/\/ws.aramex.net\/content\/rpt_cache\/70a13d03e0d44e778e44bd1dfad6f291.pdf",
        "tracking_number": "46773934152",
        "order_amount": "329"
    },
    {
        "shipping_method": "Aramex COD",
        "order_id": 217752804,
        "profile": "default",
        "fulfillment_status": "pending",
        "order_number": "2635065(r)",
        "shop_name": "default",
        "account_id": 59489,
        "partner_order_id": "2635065(r)",
        "shipping_name": "Free Shipping",
        "from_address": {
            "name": "Equations",
            "company_name": "Equations",
            "address_1": "Storage Station 7480, Indiscom Area (Dammam - Abqiaq Highway)",
            "address_2": "Google Plus Code:(62P3+5J Dhahran)",
            "email": "59489@storagestation.net",
            "city": "Dhahran",
            "state": "Ash Sharqiyah (Eastern Province)",
            "zip": "34521",
            "country": "SA",
            "phone": "0596073424"
        },
        "to_address": {
            "name": "Adnan Al-Salami Adnan Al-Salami",
            "company_name": null,
            "address_1": "Ain ShamsShams Petrol Station (21.640501, 39.755609)",
            "address_2": "Al Jumum (Makkah)",
            "email": null,
            "city": "Makkah",
            "state": null,
            "zip": null,
            "country": "SA",
            "phone": "0560645031"
        },
        "label_url": "https:\/\/ws.aramex.net\/content\/rpt_cache\/7393f56fbb5c4c50a2c423c2af746b8b.pdf",
        "tracking_number": "46773934174",
        "order_amount": "329"
    },
    {
        "shipping_method": "Aramex COD",
        "order_id": 217752773,
        "profile": "default",
        "fulfillment_status": "pending",
        "order_number": "2635066(r)",
        "shop_name": "default",
        "account_id": 59489,
        "partner_order_id": "2635066(r)",
        "shipping_name": "Free Shipping",
        "from_address": {
            "name": "Equations",
            "company_name": "Equations",
            "address_1": "Storage Station 7480, Indiscom Area (Dammam - Abqiaq Highway)",
            "address_2": "Google Plus Code:(62P3+5J Dhahran)",
            "email": "59489@storagestation.net",
            "city": "Dhahran",
            "state": "Ash Sharqiyah (Eastern Province)",
            "zip": "34521",
            "country": "SA",
            "phone": "0596073424"
        },
        "to_address": {
            "name": "abedallah abedallah",
            "company_name": null,
            "address_1": "Digital Duplicator,4263-4285 Al Bark, Al Mohammadiyyah,",
            "address_2": "Saudi Arabia,24.725424, 46.655810",
            "email": null,
            "city": "Riyadh",
            "state": "Riyadh",
            "zip": null,
            "country": "SA",
            "phone": "0547777780"
        },
        "label_url": "https:\/\/ws.aramex.net\/content\/rpt_cache\/110bac5fd2d844b99bb9406ffa82f43a.pdf",
        "tracking_number": "46773934200",
        "order_amount": "599"
    },
    {
        "shipping_method": "Aramex COD",
        "order_id": 217752811,
        "profile": "default",
        "fulfillment_status": "pending",
        "order_number": "23395",
        "shop_name": "default",
        "account_id": 59489,
        "partner_order_id": "23395",
        "shipping_name": "Free Shipping",
        "from_address": {
            "name": "Equations",
            "company_name": "Equations",
            "address_1": "Storage Station 7480, Indiscom Area (Dammam - Abqiaq Highway)",
            "address_2": "Google Plus Code:(62P3+5J Dhahran)",
            "email": "59489@storagestation.net",
            "city": "Dhahran",
            "state": "Ash Sharqiyah (Eastern Province)",
            "zip": "34521",
            "country": "SA",
            "phone": "0596073424"
        },
        "to_address": {
            "name": "mohna mohna",
            "company_name": null,
            "address_1": "house .n 48 ,Ahlan Wasahlan Baqala,Ar Rawdah, Ras Tanura 31941",
            "address_2": "Saudi Arabia,26.707564, 50.071130",
            "email": null,
            "city": "Ras Tanura",
            "state": null,
            "zip": null,
            "country": "SA",
            "phone": "0503829287"
        },
        "label_url": "https:\/\/ws.aramex.net\/content\/rpt_cache\/03444d84e9184c0e86a9c4f7975996f2.pdf",
        "tracking_number": "46773934222",
        "order_amount": "329"
    }
]